UNIDADE,GRUPO,QUADRO FIXO,COORDENADAS,REQUISIÇÕES PARADAS,ABERTAS UNIDADES,ABERTAS VOLANTE,FECHADAS VOLANTE,FECHADAS UNIDADE,TOTAL ABERTAS,TOTAL FECHADAS,TOTAL DE CHAMADOS,Backlog Ativo,CONDIÇÃO
AIRJET - MANUTENÇÃO,Backoffice e Galpões,NÃO,"-23.511693716610818, -46.63558846223412",6,0,0,15,0,6,15,21,"28,57%",FULFILLED
NÚCLEO DE MEDICINA ESPORTIVA SPORT GRÉCIA (NEWON) - MANUTENÇÃO,Nucleo,NÃO,"-23.582365376337183, -46.66315772916175",28,3,3,69,30,34,99,133,"25,56%",FULFILLED
"NÚCLEO DE REABILITAÇÃO SANTANA (AVENIDA CRUZEIRO DO SUL, 2463)",Nucleo,NÃO,"-23.5092040595963, -46.62578377099817",36,0,4,123,0,40,123,163,"24,54%",FULFILLED
NÚCLEO DE MEDICINA AVANÇADA  ANÁLIA FRANCO - MANUTENÇÃO,Nucleo,NÃO,"-23.55922735052707, -46.56573318625675",77,2,1,46,207,80,253,333,"24,02%",FULFILLED
NÚCLEO DE MEDICINA AVANÇADA E DIAGNÓSTICA JARDIM SÃO PAULO (LEÔNCIO MAGALHÃES) - MANUTENÇÃO,Nucleo,NÃO,"-23.49348312030804, -46.617214741630065",11,1,12,80,0,24,80,104,"23,08%",FULFILLED
HOSPITAL DIA SANCTA MAGGIORE SÃO FRANCISCO - MANUTENÇÃO,Hospitais,NÃO,"-22.99561433150777, -43.357844037075566",0,103,0,7,556,103,563,666,"15,47%",FULFILLED
"NÚCLEO DE REABILITAÇÃO  ALTO DA MOOCA (RUA TAMARATACA, 129)",Nucleo,NÃO,"-23.5644168864315, -46.59174833701725",4,0,0,22,0,4,22,26,"15,38%",FULFILLED
HOSPITAL SANCTA MAGGIORE PINHEIROS - MANUTENÇÃO,Hospitais,NÃO,"-23.555416269135424, -46.67952698214926",0,0,18,47,56,18,103,121,"14,88%",FULFILLED
NUCLEO REABILITAÇÃO CLUBE DE REGATAS SANTOS - MANUTENÇÃO,Nucleo,NÃO,"-23.990921443059268, -46.3040926757105",0,3,0,0,19,3,19,22,"13,64%",FULFILLED
NÚCLEO ITAIM BIBI LOS ANGELES - MANUTENÇÃO,Nucleo,NÃO,"-23.585763866473027, -46.67993005829141",16,6,1,64,109,23,173,196,"11,73%",FULFILLED
HOSPITAL SANCTA MAGGIORE MOOCA - MANUTENÇÃO,Hospitais,SIM,"-23.55196958940299, -46.6249699456642",0,567,29,87,4402,596,4489,5085,"11,72%",FULFILLED
HOSPITAL SANCTA MAGGIORE ALTO DA MOOCA - MANUTENÇÃO,Hospitais,SIM,"-23.563739443590016, -46.59148140606962",0,345,12,144,2678,357,2822,3179,"11,23%",FULFILLED
HOSPITAL SANCTA MAGGIORE PARAÍSO - MANUTENÇÃO,Hospitais,SIM,"-23.570452266526043, -46.64176153339682",0,570,5,266,4377,575,4643,5218,"11,02%",FULFILLED
CASA DO ATOR - MANUTENÇÃO,Backoffice e Galpões,NÃO,"-23.59645418463128, -46.68421767572542",0,3,0,21,4,3,25,28,"10,71%",FULFILLED
NÚCLEO DE MEDICINA AVANÇADA E DIAGNÓSTICA SANTO AMARO (JOÃO DIAS) - MANUTENÇÃO,Nucleo,SIM,"-23.64511126644153, -46.70314888355881",0,19,0,55,114,19,169,188,"10,11%",FULFILLED
NÚCLEO DE MEDICINA AVANÇADA E DIAGNÓSTICA MALIBU - MANUTENÇÃO,Nucleo,NÃO,"-22.87727864897188, -43.27272950490728",0,5,0,8,40,5,48,53,"9,43%",FULFILLED
"RIO DE JANEIRO VENDAS E BO (RUA DIAS FERREIRA, 190 - 701) - MANUTENÇÃO",Backoffice e Galpões,NÃO,"-22.984629342456866, -43.22746839646021",0,1,0,6,4,1,10,11,"9,09%",FULFILLED
NÚCLEO DE MEDICINA DIAGNÓSTICA POR IMAGEM TATUAPÉ - MANUTENÇÃO,Nucleo,SIM,"-23.54225926392333, -46.569472672847425",0,23,24,65,418,47,483,530,"8,87%",FULFILLED
NÚCLEO DE OFTALMOLOGIA JARDIM PAULISTA (ALAMEDA CAMPINAS) - MANUTENÇÃO,Nucleo,SIM,"-23.56614768051603, -46.65321344090431",8,7,2,57,119,17,176,193,"8,81%",FULFILLED
NÚCLEO DE MEDICINA AVANÇADA MADRID - MANUTENÇÃO,Nucleo,NÃO,"-23.56209211053581, -46.63753902278524",44,55,0,24,1057,99,1081,1180,"8,39%",FULFILLED
NÚCLEO DE MEDICINA AVANÇADA RIO SUL - MANUTENÇÃO,Nucleo,NÃO,"-22.956288931241794, -43.17728938752609",0,5,0,9,51,5,60,65,"7,69%",FULFILLED
PRONTO ATENDIMENTO SANCTA MAGGIORE SANTANA - MANUTENÇÃO,Pronto Atendimento,SIM,"-23.486625196421024, -46.63342893609538",0,103,2,126,1309,105,1435,1540,"6,82%",FULFILLED
NÚCLEO DE OFTALMOLOGIA ALTO DA MOOCA (BIXIRA) - MANUTENÇÃO,Nucleo,NÃO,"-23.56606896429484, -46.59053447896887",0,1,1,31,13,2,44,46,"4,35%",FULFILLED
NÚCLEO DE MEDICINA AVANÇADA E DIAGNÓSTICA TAITI - MANUTENÇÃO,Nucleo,NÃO,"-23.006067897754487, -43.31273229556073",0,1,0,7,19,1,26,27,"3,70%",FULFILLED
PRONTO ATENDIMENTO SANCTA MAGGIORE TATUAPÉ - MANUTENÇÃO,Pronto Atendimento,NÃO,"-23.54289283985809, -46.58305713772824",2,22,0,91,615,24,706,730,"3,29%",FULFILLED
NUCLEO DE ONCOLOGIA PREVENT SENIOR VILA MARIANA - MANUTENÇÃO,Nucleo,SIM,"-23.57714844739189, -46.64054799839984",3,9,5,88,446,17,534,551,"3,09%",FULFILLED
NÚCLEO DE MEDICINA AVANÇADA E DIAGNOSTICA ALEMANHA - MANUTENÇÃO,Nucleo,SIM,"-23.566254160649557, -46.65188730371612",9,7,3,47,631,19,678,697,"2,73%",FULFILLED
PRONTO ATENDIMENTO SANCTA MAGGIORE HAVAÍ - MANUTENÇÃO,Pronto Atendimento,SIM,"-22.954491325868155, -43.183931259288315",0,81,0,0,2931,81,2931,3012,"2,69%",FULFILLED
ESPAÇO TERRA - MANUTENÇÃO,Backoffice e Galpões,SIM,"-23.63804627364177, -46.87859750142025",3,1,0,28,132,4,160,164,"2,44%",FULFILLED
NÚCLEO DE MEDICINA DIAGNÓSTICA MOOCA (PAES DE BARROS) - MANUTENÇÃO,Nucleo,NÃO,"-23.580892322731227, -46.586911527513045",1,0,0,39,2,1,41,42,"2,38%",FULFILLED
NÚCLEO DE MEDICINA AVANÇADA IBIRAPUERA - MANUTENÇÃO,Nucleo,SIM,"-23.593727973913666, -46.65333453026906",0,1,2,53,77,3,130,133,"2,26%",FULFILLED
HOSPITAL SANCTA MAGGIORE AMSTERDÃ- MANUTENÇÃO,Hospitais,SIM,"-23.56751683447415, -46.6508921111917",0,34,4,162,1518,38,1680,1718,"2,21%",FULFILLED
HOSPITAL SANCTA MAGGIORE DUBAI - MANUTENÇÃO,Hospitais,SIM,"-23.616977108919112, -46.702266915872755",19,427,0,92,19833,446,19925,20371,"2,19%",FULFILLED
NÚCLEO DE MEDICINA AVANÇADA  BELA VISTA (SÃO CARLOS DO PINHAL) - MANUTENÇÃO,Nucleo,SIM,"-23.56588870627823, -46.64861189781993",0,4,1,54,262,5,316,321,"1,56%",FULFILLED
NÚCLEO DE MEDICINA AVANÇADA ISTAMBUL - MANUTENÇÃO,Nucleo,SIM,"-23.541112217824736, -46.5671318393849",5,4,4,89,745,13,834,847,"1,53%",FULFILLED
NÚCLEO DE MEDICINA AVANÇADA E DIAGNOSTICA BARCELONA - MANUTENÇÃO,Nucleo,SIM,"-23.597471873102013, -46.6852745466207",0,6,4,187,466,10,653,663,"1,51%",FULFILLED
NÚCLEO DE MEDICINA AVANÇADA E DIAGNOSTICA LONDRES - MANUTENÇÃO,Nucleo,SIM,"-23.562519807521344, -46.691900059210184",0,15,7,133,1786,22,1919,1941,"1,13%",FULFILLED
NÚCLEO DE MEDICINA JARDIM PAULISTA (GASTRO) - MANUTENÇÃO,Nucleo,SIM,"-23.582183549327624, -46.666439369040425",8,1,5,89,1335,14,1424,1438,"0,97%",FULFILLED
HOSPITAL SANCTA MAGGIORE SÃO BERNARDO DO CAMPO - MANUTENÇÃO,Hospitais,SIM,"-23.663946692614477, -46.570085525910955",1,5,2,44,950,8,994,1002,"0,80%",FULFILLED
HOSPITAL SANCTA MAGGIORE LIBERDADE - MANUTENÇÃO,Hospitais,SIM,"-23.559130253299674, -46.631981354590444",0,15,0,124,1758,15,1882,1897,"0,79%",FULFILLED
NÚCLEO DE MEDICINA AVANÇADA E DIAGNÓSTICA SANTO ANDRÉ - MANUTENÇÃO,Nucleo,SIM,"-23.66611308676377, -46.54330134262968",0,1,0,38,163,1,201,202,"0,50%",FULFILLED
PRONTO ATENDIMENTO SANCTA MAGGIORE JARDIM PAULISTA - MANUTENÇÃO,Pronto Atendimento,SIM,"-23.58015627957071, -46.66394051004167",1,2,5,89,1585,8,1674,1682,"0,48%",FULFILLED
HOSPITAL SANCTA MAGGIORE RÚSSIA - MANUTENÇÃO,Hospitais,SIM,"-23.580399263492072, -46.710741054644124",0,6,6,169,2419,12,2588,2600,"0,46%",FULFILLED
HOSPITAL SANCTA MAGGIORE PARIS - MANUTENÇÃO,Hospitais,SIM,"-23.61808117885283, -46.63221826268305",9,13,2,133,5250,24,5383,5407,"0,44%",FULFILLED
HOSPITAL SANCTA MAGGIORE ITAIM - MANUTENÇÃO,Hospitais,SIM,"-23.584208809945075, -46.67059466303351",0,19,6,138,10882,25,11020,11045,"0,23%",FULFILLED
HOSPITAL SANCTA MAGGIORE MADRID - MANUTENÇÃO,Hospitais,SIM,"-23.56245686618548, -46.638456903342906",0,30,0,125,13711,30,13836,13866,"0,22%",FULFILLED
HOSPITAL SANCTA MAGGIORE SANTA CECILIA  - MANUTENÇÃO,Hospitais,SIM,"-23.54144813363374, -46.64931761294962",0,11,3,121,10175,14,10296,10310,"0,14%",FULFILLED
NÚCLEO DE MEDICINA AVANÇADA E DIAGNÓSTICA SANTOS - MANUTENÇÃO,Nucleo,SIM,"-23.56616651989745, -46.65191727719075",0,1,0,0,877,1,877,878,"0,11%",FULFILLED
SEDE BRASIL - MANUTENÇÃO,Backoffice e Galpões,SIM,"-23.57547787251169, -46.65716914790972",0,1,0,95,2933,1,3028,3029,"0,03%",FULFILLED
"GALPÃO (RUA SECUNDINO DOMINGUES, 165)",Backoffice e Galpões,SIM,"-23.589188217091422, -46.55941452366783",0,0,0,46,0,0,46,46,"0,00%",FULFILLED
"GALPÃO HENRY FORD. AVENIDA HENRY FORD, 257",Backoffice e Galpões,NÃO,"-23.568546260390992, -46.60132163778837",0,0,0,14,0,0,14,14,"0,00%",FULFILLED
NÚCLEO DE MEDICINA AVANÇADA E DIAGNOSTICA CASCAIS - MANUTENÇÃO,Nucleo,SIM,"-23.978539510009927, -46.308805731857674",0,0,0,9,806,0,815,815,"0,00%",FULFILLED
"PREVENT ASSISTE  (RUA CARDEAL ARCO VERDE, 720)",Backoffice e Galpões,NÃO,"-23.55630369292331, -46.6798604877926",0,0,0,15,0,0,15,15,"0,00%",FULFILLED
PRONTO ATENDIMENTO SANCTA MAGGIORE BUTANTÃ - MANUTENÇÃO,Pronto Atendimento,SIM,"-23.58072931858739, -46.71099096163626",0,0,0,89,1804,0,1893,1893,"0,00%",FULFILLED